page,bill_month,bill_date,due_date,service_no,van_id,category,cons_kwh,cons_kvah,cons_kva,cons_pf,demand_normal,energy_charges,elec_duty,fppca,tod_charges,sub_total,customer_charges,total,net_bill,net_payable,chain_ok,doc_type
1,,,,,,,,,,,,,,,,,,,,,,OTHER
2,01/2024,04-02-2024,18-Feb-2024,VSP098,APEPDC0100000558,IB,35541.0,38024.0,142.35,0.93,10676.25,266168.0,2132.46,31965.94,0.0,310942.65,1406.0,312348.65,312349.0,312349.0,True,HT_BILL
3,01/2024,04-02-2024,18-Feb-2024,VSP212,APEPDC0100000391,IIA(ii),29909.0,38047.0,346.65,0.79,0.0,86240.0,29909.0,0.0,0.0,116149.0,1406.0,125055.0,0.0,-37395.0,True,HT_BILL
4,01/2024,04-02-2024,18-Feb-2024,VSP361,APEPDC0100000508,IB,59430.0,62684.0,254.07,0.95,19055.25,438788.0,3565.8,44142.82,0.0,505551.87,1406.0,506957.87,506958.0,506958.0,True,HT_BILL
5,01/2024,05-02-2024,19-Feb-2024,VSP127,APEPDC0100000334,IB,47315.0,47464.0,178.89,1.0,13416.75,332248.0,2838.9,24427.04,0.0,372930.69,1406.0,374336.69,374337.0,374337.0,True,HT_BILL
6,01/2024,02-02-2024,16-Feb-2024,VSP1375,APEPDC0100003730,IIB,6550.0,17350.0,60.0,0.38,0.0,212537.5,6550.0,11533.17,0.0,230620.67,2813.0,483433.67,483434.0,483434.0,True,HT_BILL
7,01/2024,04-02-2024,18-Feb-2024,VSP009,APEPDC0100000627,IIA(i),17952.0,19354.0,92.695,0.93,144400.0,148058.1,17952.0,12645.08,4884.0,327939.18,1406.0,329345.18,329345.0,,True,HT_BILL
8,01/2024,03-02-2024,17-Feb-2024,VSP309,APEPDC0100001933,IIA(i),16629.0,19914.0,146.47,0.84,133000.0,152342.1,16629.0,11930.96,1693.0,315595.06,1406.0,317001.06,317001.0,317001.0,True,HT_BILL
9,01/2024,02-02-2024,16-Feb-2024,VSP508,APEPDC0100000227,IIIA,7304.0,8648.0,68.06,0.84,32328.5,54482.4,7304.0,6374.15,301.0,95152.3,1406.0,96558.3,96558.0,96558.0,True,HT_BILL
10,01/2024,04-02-2024,18-Feb-2024,VSP007,APEPDC0100000626,IIA(i),428873.0,449291.0,1196.3,0.95,570000.0,3437076.15,428873.0,241058.35,88166.0,4765173.5,1406.0,4766579.5,4766580.0,4766580.0,True,HT_BILL
11,01/2024,04-02-2024,18-Feb-2024,VSP1655,APEPDC0100004450,IIA(i),44294.0,46965.0,131.64,0.94,62529.0,359282.25,44294.0,25150.57,13005.0,504260.82,1406.0,505666.82,505667.0,505667.0,True,HT_BILL
12,01/2024,04-02-2024,18-Feb-2024,VSP1718,APEPDC0100004656,,25155.0,27773.0,74.313,0.91,76000.0,212463.45,25155.0,19415.21,6380.0,339413.66,1406.0,340819.66,340820.0,340446.0,True,HT_BILL
13,01/2024,05-02-2024,19-Feb-2024,VSP1720,APEPDC0100004657,IIA(i),30911.0,32162.0,239.0,0.96,152000.0,246039.3,30911.0,31735.68,8874.0,469559.98,1406.0,470965.98,470966.0,470966.0,True,HT_BILL
14,01/2024,02-02-2024,16-Feb-2024,VSP1154,APEPDC0100003106,IIA(i),244875.0,251550.0,2793.0,0.97,1282500.0,1748272.5,244875.0,114924.3,40450.0,3519371.8,2813.0,3522184.8,3522185.0,3502835.0,True,HT_BILL
15,,,,,,,,,,,,,,,,,,,,,,OTHER
16,02/2024,03-03-2024,17-Mar-2024,VSP007,APEPDC0100000626,IIA(i),454600.0,477400.0,1227.0,0.95,582825.0,3652110.0,454600.0,403382.15,90800.0,5183717.15,1406.0,5185123.15,5185123.0,5180352.0,True,HT_BILL
17,02/2024,03-03-2024,17-Mar-2024,VSP098,APEPDC0100000558,IB,38828.0,41162.0,295.32,0.94,22149.0,288134.0,2329.68,51642.27,0.0,364254.95,1406.0,365660.95,365661.0,365348.0,True,HT_BILL
18,02/2024,03-03-2024,17-Mar-2024,VSP212,APEPDC0100000391,IIA(i),46119.0,53657.0,500.85,0.86,0.0,290374.0,46119.0,2816.0,0.0,339309.0,1406.0,348215.0,,-37395.0,False,HT_BILL
19,02/2024,03-03-2024,17-Mar-2024,VSP361,APEPDC0100000508,IB,61574.0,64367.0,261.96,0.96,19647.0,450569.0,3694.44,67924.47,0.0,541834.91,1406.0,543240.91,543241.0,542734.0,False,HT_BILL
20,02/2024,02-03-2024,16-Mar-2024,VSP127,APEPDC0100000334,IB,41318.0,43741.0,178.89,0.94,13416.75,306187.0,2479.08,39602.87,0.0,361685.7,1406.0,363091.7,363092.0,362718.0,True,HT_BILL
21,02/2024,01-03-2024,15-Mar-2024,VSP1375,APEPDC0100003730,IIB,5870.0,15090.0,138.0,0.39,0.0,184852.5,5870.0,10974.38,0.0,201696.88,2813.0,454509.88,,454026.0,False,HT_BILL
22,02/2024,02-03-2024,16-Mar-2024,VSP009,APEPDC0100000627,,15720.0,16867.0,92.66,0.93,144400.0,129032.55,15720.0,18911.98,4181.0,312245.53,1406.0,313651.53,313652.0,313322.0,True,HT_BILL
23,02/2024,02-03-2024,16-Mar-2024,VSP309,APEPDC0100001933,IIA(I),15672.0,18564.0,59.22,0.84,133000.0,142014.6,15672.0,17183.34,5490.0,313359.94,1406.0,314765.94,314766.0,314449.0,False,HT_BILL
24,02/2024,02-03-2024,16-Mar-2024,VSP508,APEPDC0100000227,IIIA,8129.0,9635.0,67.5,0.84,32062.5,60700.5,8129.0,6637.0,435.0,102057.0,1406.0,103463.0,103463.0,305372.0,True,HT_BILL
25,02/2024,02-03-2024,16-Mar-2024,VSP1655,APEPDC0100004450,IIA(i),47648.0,50665.0,133.0,0.94,63175.0,387587.25,47648.0,34096.61,13717.0,546223.86,1406.0,547629.86,547630.0,547124.0,True,HT_BILL
26,02/2024,03-03-2024,17-Mar-2024,VSP1718,APEPDC0100004656,IIA(i),24317.0,26369.0,63.12,0.92,76000.0,201722.85,24317.0,26894.26,5962.0,334896.11,1406.0,336302.11,336302.0,335961.0,True,HT_BILL
27,02/2024,02-03-2024,16-Mar-2024,VSP1720,APEPDC0100004657,IIA(I),31555.0,31874.0,239.0,0.0,152000.0,243836.1,31555.0,49595.04,8851.0,485837.14,1406.0,487243.14,487243.0,486772.0,True,HT_BILL
28,02/2024,,04-Apr-2024,VSP1154,APEPDC0100003106,IIA(I),248050.0,259650.0,2150.0,0.96,1026000.0,1804567.5,248050.0,119597.7,35975.0,3234190.2,2813.0,3237003.2,3237003.0,3237003.0,True,HT_BILL
29,,,,,,,,,,,,,,,,,,,,,,OTHER
30,03/2024,02-04-2024,16-Apr-2024,VSP007,APEPDC0100000626,IIA(i),509500.0,524200.0,1425.5,0.97,677112.5,4010130.0,509500.0,190960.0,100200.0,5487902.5,1406.0,5489308.5,5489309.0,5484124.0,True,HT_BILL
31,03/2024,02-04-2024,16-Apr-2024,VSP098,APEPDC0100000558,IB,47769.0,49773.0,139.37,0.96,10452.75,348411.0,2866.14,16464.8,0.0,,1406.0,379600.69,379601.0,379235.0,True,HT_BILL
32,03/2024,02-04-2024,16-Apr-2024,VSP212,APEPDC0100000391,IIA(ii),39186.0,46226.0,431.08,0.85,0.0,85002.75,39186.0,9481.6,0.0,133670.35,1406.0,142576.35,0.0,-37450.0,True,HT_BILL
33,03/2024,02-04-2024,16-Apr-2024,VSP361,APEPDC0100000508,IB,77963.0,80987.0,255.38,0.96,19153.5,566909.0,4677.78,25746.8,0.0,616487.08,1406.0,617893.08,617893.0,617350.0,True,HT_BILL
34,03/2024,03-04-2024,17-Apr-2024,VSP127,APEPDC0100000334,IB,,,,,8396.25,315056.0,2508.96,27940.59,0.0,353901.8,1406.0,355307.8,355308.0,354945.0,True,HT_BILL
35,03/2024,04-04-2024,18-Apr-2024,VSP1375,APEPDC0100003730,IIB,7570.0,13490.0,54.0,0.56,0.0,165252.5,7570.0,10296.3,0.0,183118.8,2813.0,435931.8,435932.0,435478.0,True,HT_BILL
36,03/2024,03-04-2024,17-Apr-2024,VSP009,APEPDC0100000627,IIA(i),17155.0,18269.0,87.0,0.94,144400.0,139757.85,17155.0,12804.82,4527.0,318644.67,1406.0,320050.67,320051.0,319721.0,True,HT_BILL
37,03/2024,03-04-2024,17-Apr-2024,VSP309,APEPDC0100001933,IIA(i),16501.0,19549.0,63.22,0.84,133000.0,149549.85,16501.0,16049.48,4167.0,319267.33,1406.0,320673.33,320673.0,320358.0,True,HT_BILL
38,03/2024,03-04-2024,17-Apr-2024,VSP508,APEPDC0100000227,IIIA,7689.0,9117.0,67.5,0.84,32062.5,57437.1,7689.0,8381.54,880.5,100820.39,1406.0,102226.39,102226.0,101920.0,True,HT_BILL
39,03/2024,05-04-2024,19-Apr-2024,VSP1655,APEPDC0100004450,IIA(i),54089.0,56920.0,141.0,0.95,66975.0,435438.0,54089.0,28717.53,15543.0,600762.53,1406.0,602168.53,602169.0,601622.0,True,HT_BILL
40,03/2024,03-04-2024,17-Apr-2024,VSP1718,APEPDC0100004656,IIA(i),28562.0,31050.0,77.23,0.92,76000.0,237532.5,28562.0,10547.6,6849.0,359491.1,1406.0,360897.1,360897.0,360561.0,True,HT_BILL
41,03/2024,04-04-2024,18-Apr-2024,VSP1720,APEPDC0100004657,IIA(i),39617.0,39955.0,223.0,0.99,152000.0,305655.75,39617.0,33524.37,11570.0,542367.12,1406.0,543773.12,543773.0,543286.0,True,HT_BILL
42,03/2024,02-04-2024,16-Apr-2024,VSP1154,APEPDC0100003106,IIA(i),195350.0,202950.0,2171.05,0.96,1031248.75,1410502.5,195350.0,132036.08,30800.0,2799937.33,2813.0,2802750.33,2802750.0,2802750.0,True,HT_BILL
43,,,,,,,,,,,,,,,,,,,,,,OTHER
44,04/2024,02-05-2024,16-May-2024,VSP007,APEPDC0100000626,IIA(i),581900.0,589500.0,1448.2,660.0,687895.0,4509675.0,581900.0,209680.0,108900.0,6098050.0,1406.0,6099456.0,,3779319.0,False,HT_BILL
45,04/2024,03-05-2024,17-May-2024,VSP098,APEPDC0100000558,IB,59801.0,60807.0,176.16,0.98,13212.0,425649.0,3588.06,19909.2,0.0,462358.26,1406.0,463764.26,164698.0,164319.0,False,HT_BILL
46,04/2024,03-05-2024,17-May-2024,VSP212,APEPDC0100000391,IIA(ii),54866.0,60849.0,959.23,0.9,0.0,145493.25,54866.0,2775.6,0.0,621864.35,1406.0,630770.35,-131207.0,-168657.0,False,HT_BILL
47,04/2024,03-05-2024,17-May-2024,VSP361,APEPDC0100000508,,95453.0,99249.0,265.71,0.96,19928.25,,0.0,0.0,32394.8,752793.23,1406.0,754199.23,583944.0,583326.0,False,HT_BILL
48,04/2024,03-05-2024,17-May-2024,VSP127,APEPDC0100000334,IB,44505.0,47319.0,166.0,0.94,12450.0,331233.0,2670.3,18003.2,0.0,364356.5,1406.0,365762.5,293391.0,293036.0,True,HT_BILL
49,04/2024,03-05-2024,17-May-2024,VSP1375,APEPDC0100003730,,7100.0,13860.0,48.0,0.51,0.0,169785.0,7100.0,5396.0,0.0,182281.0,2813.0,435094.0,396044.0,395608.0,True,HT_BILL
50,04/2024,04-05-2024,18-May-2024,VSP009,APEPDC0100000627,IIA(I),17161.0,18264.0,87.5,0.94,144400.0,139719.6,17161.0,7307.6,4368.0,312956.2,1406.0,314362.2,197396.0,197076.0,False,HT_BILL
51,04/2024,03-05-2024,17-May-2024,VSP309,APEPDC0100001933,,15245.0,18161.0,60.0,0.84,133000.0,138931.65,15245.0,7819.6,3931.0,298927.25,1406.0,300333.25,,219901.0,False,HT_BILL
52,04/2024,03-05-2024,17-May-2024,VSP508,APEPDC0100000227,IIIA,7281.0,8623.0,68.0,0.84,32300.0,54324.9,7281.0,3646.8,1315.5,93945.95,1406.0,96883.3,81884.0,81782.0,True,HT_BILL
53,04/2024,03-05-2024,17-May-2024,VSP1655,APEPDC0100004450,IIA(i),52974.0,56106.0,153.0,0.94,71250.0,429210.9,52974.0,22768.0,15357.0,594409.9,1406.0,595815.9,563035.0,562433.0,False,HT_BILL
54,04/2024,03-05-2024,17-May-2024,VSP1718,APEPDC0100004656,IIA(i),31551.0,33496.0,89.85,0.94,76000.0,256244.4,31551.0,12420.0,7275.0,383490.4,1406.0,384896.4,334431.0,334071.0,False,HT_BILL
55,04/2024,04-05-2024,18-May-2024,VSP1720,APEPDC0100004657,IIA(i),18803.0,18982.0,95.0,0.99,152000.0,145212.3,18803.0,15982.0,5795.0,337792.3,1406.0,339198.3,259561.0,259017.0,False,HT_BILL
56,04/2024,02-05-2024,16-May-2024,VSP1154,APEPDC0100003106,,385850.0,,,0.96,20.0,0.0,385850.0,81180.0,65100.0,4502368.75,2813.0,4505181.75,4038458.0,4038458.0,False,HT_BILL
57,,,,,,,,,,,,,,,,,,,,,,OTHER
58,05/2024,02-06-2024,16-Jun-2024,VSP007,APEPDC0100000626,IIA(i),591100.0,670400.0,1506.7,0.88,712500.0,5128560.0,591100.0,235800.0,123700.0,6798025.0,1406.0,6799431.0,6799431.0,6798332.0,True,HT_BILL
59,05/2024,02-06-2024,16-Jun-2024,VSP098,APEPDC0100000558,IB,64070.0,65000.0,166.27,0.99,12470.25,455000.0,3844.2,24322.8,0.0,,,,,496580.0,False,HT_BILL
60,05/2024,02-06-2024,16-Jun-2024,VSP212,APEPDC0100000391,IIA(I),64943.0,71049.0,598.37,0.91,0.0,648613.0,64943.0,13866.0,0.0,727422.0,1406.0,736328.0,736328.0,736328.0,True,HT_BILL
61,05/2024,02-06-2024,16-Jun-2024,VSP361,APEPDC0100000508,,100037.0,104004.0,279.67,0.96,20975.25,728028.0,6002.22,39699.6,0.0,794705.07,1406.0,796111.07,796111.0,,True,BILL?
62,05/2024,03-06-2024,17-Jun-2024,VSP127,APEPDC0100000334,IB,40374.0,43054.0,166.0,0.94,12450.0,301448.0,2422.44,18927.6,0.0,335248.04,1406.0,336654.04,336654.0,336289.0,True,HT_BILL
63,05/2024,02-06-2024,16-Jun-2024,VSP1375,APEPDC0100003730,IIB,6830.0,14020.0,54.0,0.49,0.0,171745.0,6830.0,5544.0,0.0,184119.0,2813.0,1436932.0,436932.0,436497.0,False,HT_BILL
64,05/2024,03-06-2024,17-Jun-2024,VSP009,APEPDC0100000627,IIA(i),20574.0,22512.0,102.5,0.91,144400.0,172216.8,20574.0,7305.6,3973.0,348469.4,1406.0,349875.4,349875.0,349561.0,True,HT_BILL
65,05/2024,03-06-2024,17-Jun-2024,VSP309,APEPDC0100001933,,14454.0,17600.0,60.23,0.82,133000.0,134640.0,14454.0,7264.4,0.0,293188.4,1406.0,294594.4,,294294.0,False,HT_BILL
66,05/2024,03-06-2024,17-Jun-2024,VSP508,APEPDC0100000227,IIIA,4359.0,5200.0,68.35,0.84,32466.25,32760.0,4359.0,3449.2,739.5,70770.2,1406.0,72176.2,,72079.0,False,HT_BILL
67,05/2024,03-06-2024,17-Jun-2024,VSP1655,APEPDC0100004450,IIA(i),50363.0,52801.0,135.0,0.95,64125.0,403927.65,50363.0,22442.4,14758.0,555616.05,1406.0,557022.05,,556427.0,False,HT_BILL
68,05/2024,02-06-2024,16-Jun-2024,VSP1718,APEPDC0100004656,IIA(i),36093.0,38660.0,96.14,0.93,76000.0,295749.0,36093.0,13398.4,8288.0,429528.4,1406.0,430934.4,430934.0,430549.0,True,HT_BILL
69,05/2024,03-06-2024,17-Jun-2024,VSP1720,APEPDC0100004657,IIA(i),26265.0,27015.0,134.43,0.97,152000.0,206664.75,26265.0,7592.8,7885.0,400407.55,,402507.0,,402168.0,False,HT_BILL
70,05/2024,02-06-2024,16-Jun-2024,VSP1154,APEPDC0100003106,IIA(i),521300.0,542700.0,2293.55,0.96,1089436.25,3771765.0,521300.0,160200.0,90100.0,5632801.25,2813.0,5635614.25,,5635614.0,False,HT_BILL
71,,,,,,,,,,,,,,,,,,,,,,OTHER
72,05/2025,05-06-2025,19-Jun-2025,VSP007,APEPDC0100000626,IIA(I),697100.0,972500.0,1503.9,0.72,766129.03,4977120.6,525100.0,654059.56,178300.0,9061195.47,1406.0,9062601.47,9062601.0,9062601.0,False,HT_BILL
73,05/2025,05-06-2025,19-Jun-2025,VSP098,APEPDC0100000558,IB,46814.0,49748.0,266.76,0.94,20007.0,285236.0,2268.84,75712.61,0.0,383224.45,1406.0,384630.45,384630.0,384630.0,False,HT_BILL
74,05/2025,05-06-2025,19-Jun-2025,VSP212,APEPDC0100000391,IIA(I),31821.0,33953.0,110.25,0.94,228000.0,258019.2,31821.0,7043.49,5349.0,530232.69,1406.0,539138.69,539139.0,539139.0,True,HT_BILL
75,05/2025,05-06-2025,19-Jun-2025,VSP361,APEPDC0100000508,IB,97328.0,100040.0,270.93,0.97,20319.75,588280.0,4879.68,85075.6,0.0,698555.03,1406.0,699961.03,699961.0,699961.0,True,HT_BILL
76,05/2025,05-06-2025,19-Jun-2025,VSP127,APEPDC0100000334,IB,38456.0,40131.0,149.0,0.96,11175.0,217917.0,1767.36,37263.9,0.0,268123.26,1406.0,269529.26,269529.0,-327598.0,True,HT_BILL
77,05/2025,02-06-2025,16-Jun-2025,VSP1375,APEPDC0100003730,IIB,10840.0,15800.0,102.0,0.69,0.0,193550.0,10840.0,14350.27,0.0,218740.27,2813.0,471553.27,471553.0,471553.0,False,HT_BILL
78,05/2025,05-06-2025,19-Jun-2025,VSP009,APEPDC0100000627,IIA(I),15733.0,16451.0,85.2,0.96,144400.0,72300.15,8733.0,17167.24,3740.0,246340.39,1406.0,247746.39,247746.0,-196289.0,False,HT_BILL
79,05/2025,05-06-2025,19-Jun-2025,VSP309,APEPDC0100001933,IIA(I),16240.0,20082.0,57.33,0.81,133000.0,100077.3,9240.0,20788.43,3965.0,267070.73,1406.0,,268477.0,-236270.0,False,HT_BILL
80,05/2025,01-06-2025,15-Jun-2025,VSP508,APEPDC0100000227,IIIA,7436.0,8793.0,69.1913,0.85,32865.89,55395.9,7436.0,9516.68,1783.5,102365.22,1406.0,103771.22,103771.0,103771.0,True,HT_BILL
81,05/2025,05-06-2025,19-Jun-2025,VSP1655,APEPDC0100004450,IIA(I),51829.0,55770.0,148.7,0.93,70632.5,350140.5,41829.0,33026.53,15001.0,510629.53,1406.0,512035.53,512036.0,19127.0,False,HT_BILL
82,05/2025,05-06-2025,19-Jun-2025,VSP1718,APEPDC0100004656,,41359.0,53905.0,117.9,0.77,76000.0,305273.25,27359.0,39538.38,11230.0,,,,,460807.0,False,HT_BILL
83,05/2025,05-06-2025,19-Jun-2025,VSP1720,APEPDC0100004657,,40236.0,42829.0,314.0,0.94,152000.0,266441.85,32236.0,46942.75,10279.0,507899.6,1406.0,509305.6,509306.0,-32592.0,False,HT_BILL
84,05/2025,05-06-2025,19-Jun-2025,VSP1154,APEPDC0100003106,IIA(i),333100.0,344250.0,2254.55,460.0,1070911.25,1725337.5,237100.0,469315.0,63650.0,3566313.75,2813.0,3569126.75,3569127.0,3569127.0,True,HT_BILL
85,,,,,,,,,,,,,,,,,,,,,,OTHER
86,06/2025,05-07-2025,19-Jul-2025,VSP007,APEPDC0100000626,IIA(I),714500.0,721600.0,1637.6,660.0,950000.0,4204440.0,542500.0,-572221.81,135000.0,5259718.19,1406.0,5261124.19,5261124.0,5261124.0,True,HT_BILL
87,06/2025,05-07-2025,19-Jul-2025,VSP098,APEPDC0100000558,IB,40979.0,44177.0,136.68,0.93,10251.0,246239.0,1918.74,-90164.22,0.0,168244.52,1406.0,169650.52,169651.0,,True,HT_BILL
88,06/2025,05-07-2025,19-Jul-2025,VSP212,APEPDC0100000391,,31967.0,34828.0,100.43,0.92,228000.0,264552.3,31967.0,23455.62,5646.0,553620.92,1406.0,562526.92,562527.0,562527.0,True,HT_BILL
89,06/2025,05-07-2025,19-Jul-2025,VSP361,APEPDC0100000508,IB,93348.0,96137.0,274.33,0.97,20574.75,560959.0,4640.88,-73978.83,0.0,512195.8,1406.0,513601.8,513602.0,513602.0,True,HT_BILL
90,06/2025,05-07-2025,19-Jul-2025,VSP127,APEPDC0100000334,,37366.0,38943.0,139.84,0.96,76000.0,229063.95,28366.0,27533.02,6024.0,366986.97,1406.0,368392.97,368393.0,368393.0,True,HT_BILL
91,06/2025,02-07-2025,16-Jul-2025,VSP1375,APEPDC0100003730,IIB,11070.0,15820.0,60.0,0.7,0.0,0.0,,0.0,14256.43,219121.43,,471934.43,471934.0,471934.0,False,HT_BILL
92,06/2025,05-07-2025,19-Jul-2025,VSP009,APEPDC0100000627,IIA(I),15371.0,16247.0,87.0,0.95,144400.0,70739.55,8371.0,14303.16,3571.0,241384.71,1406.0,242790.71,242791.0,242791.0,True,HT_BILL
93,06/2025,05-07-2025,19-Jul-2025,VSP309,APEPDC0100001933,,14772.0,18680.0,62.0,0.79,133000.0,89352.0,7772.0,15674.69,3765.0,249563.69,1406.0,250969.69,250970.0,250970.0,True,HT_BILL
94,06/2025,01-07-2025,15-Jul-2025,VSP508,APEPDC0100000227,IIIA,6797.0,8024.0,68.9771,0.85,32764.1,50551.2,6797.0,1061.0,10749.76,97801.81,1406.0,99207.81,99208.0,99208.0,True,HT_BILL
95,06/2025,05-07-2025,19-Jul-2025,VSP1655,APEPDC0100004450,IIA(i),48060.0,51974.0,148.7,0.92,70632.5,321101.1,38060.0,35802.56,13045.0,478641.16,1406.0,480047.16,480047.0,480047.0,True,HT_BILL
96,06/2025,05-07-2025,19-Jul-2025,VSP1718,APEPDC0100004656,,41144.0,60729.0,125.51,0.68,76000.0,357476.85,27144.0,-45606.27,12040.0,427054.58,1406.0,428460.58,428461.0,428461.0,True,HT_BILL
97,06/2025,05-07-2025,19-Jul-2025,VSP1720,APEPDC0100004657,IIA(I),42936.0,47073.0,243.4,0.91,152000.0,298908.45,34936.0,29487.42,10487.0,525818.87,1406.0,527224.87,527225.0,527225.0,True,HT_BILL
98,06/2025,05-07-2025,19-Jul-2025,VSP1154,APEPDC0100003106,,521100.0,538300.0,2860.45,0.97,1282500.0,3073985.0,425100.0,93450.0,321603.25,5349065.75,2813.0,5351878.75,5351879.0,5351879.0,True,HT_BILL
99,,,,VSP-1154,,,,,,,,3741185.0,521100.0,321603.25,93450.0,,2813.0,,6115078.75,6115079.0,,sparse_bill
100,,,,,,,,,,,,,,,,,,,,,,OTHER
101,07/2025,,04-Sep-2025,VSP007,APEPDC0100000626,,735300.0,746900.0,1708.5,0.98,950000.0,4642785.0,595300.0,-693153.83,136500.0,5631431.17,1406.0,563283717.0,5632837.0,4141627.0,False,HT_BILL
102,07/2025,,04-Sep-2025,VSP098,APEPDC0100000558,IB,40157.0,43775.0,113.88,0.92,8541.0,257425.0,1989.42,-97050.88,0.0,170904.54,1406.0,172310.54,,472778.0,False,HT_BILL
103,07/2025,,04-Sep-2025,VSP212,APEPDC0100000391,IIA(I),,,,,228000.0,247691.7,29613.0,13832.8,5327.0,524464.5,1406.0,533370.5,,533371.0,True,HT_BILL
104,07/2025,,04-Sep-2025,VSP361,APEPDC0100000508,IB,92777.0,95661.0,271.5,0.97,20362.5,606627.0,5026.62,-69530.8,0.0,562485.32,1406.0,563891.32,,893492.0,False,HT_BILL
105,07/2025,05-08-2025,19-Aug-2025,VSP127,APEPDC0100000334,IA(I),,,,,76000.0,317337.3,40063.0,27365.22,7376.0,468141.52,1406.0,469547.52,469548.0,469548.0,True,HT_BILL
106,07/2025,03-08-2025,17-Aug-2025,VSP1375,APEPDC0100003730,,13590.0,17950.0,162.0,0.76,0.0,219887.5,13590.0,14429.95,0.0,247907.45,2813.0,501284.71,1285.0,501285.0,False,HT_BILL
107,07/2025,05-08-2025,19-Aug-2025,VSP009,APEPDC0100000627,IIA(I),16841.0,17953.0,104.5,0.94,144400.0,91440.45,10841.0,13981.16,3874.0,264536.61,1406.0,265942.61,265943.0,265943.0,True,HT_BILL
108,07/2025,05-08-2025,19-Aug-2025,VSP309,APEPDC0100001933,,19686.0,23490.0,67.7,0.84,133000.0,141448.5,14686.0,15326.7,5000.0,309461.2,1406.0,310867.2,310867.0,310867.0,True,HT_BILL
109,07/2025,02-08-2025,16-Aug-2025,VSP508,APEPDC0100000227,IIIA,7363.0,4698.0,69.391,0.85,32960.73,54791.1,7363.0,8666.35,817.0,100041.93,1406.0,102012.6,102013.0,102013.0,True,HT_BILL
110,07/2025,05-08-2025,19-Aug-2025,VSP1655,APEPDC0100004450,,51756.0,55560.0,145.0,0.93,68875.0,371484.0,44756.0,36941.97,13771.0,535827.97,1406.0,537233.97,537234.0,537234.0,True,HT_BILL
111,07/2025,,04-Sep-2025,VSP1718,APEPDC0100004656,,42834.0,65479.0,129.04,0.65,76000.0,424414.35,32834.0,-43158.05,13039.0,503129.3,1406.0,,,313402.0,False,HT_BILL
112,07/2025,05-08-2025,19-Aug-2025,VSP1720,APEPDC0100004657,IIA(i),82597.0,91371.0,243.0,0.9,152000.0,645438.15,75597.0,39629.01,19845.0,932509.16,1406.0,933915.16,933915.0,933915.0,True,HT_BILL
113,07/2025,,04-Sep-2025,VSP1154,APEPDC0100003106,IIA(I),399550.0,410300.0,2418.45,0.97,1148763.75,2330335.0,324550.0,492999.34,83650.0,,,,,-2554034.0,False,HT_BILL
114,,,,VSP-1154,,,,,,,,2851585.0,399550.0,524519.3,83650.0,,2813.0,,5010881.05,5010881.0,,sparse_bill
115,,,,,,,,,,,,,,,,,,,,,,OTHER
116,08/2025,04-09-2025,18-Sep-2025,VSP007,APEPDC0100000626,IIA(I),692100.0,700700.0,1712.4,660.0,950000.0,4312305.0,33306.0,469040.95,132800.0,5897451.95,1406.0,5898857.95,5898858.0,5939660.0,True,HT_BILL
117,08/2025,04-09-2025,18-Sep-2025,VSP098,APEPDC0100000558,IB,39864.0,43493.0,126.12,0.92,9459.0,255451.0,1971.84,51569.46,0.0,318451.3,1406.0,319857.3,319857.0,463405.0,True,HT_BILL
118,08/2025,04-09-2025,18-Sep-2025,VSP212,APEPDC0100000391,,31444.0,34695.0,110.33,0.91,228000.0,231963.3,1646.64,12951.2,5732.0,480293.14,1406.0,489199.14,489199.0,489199.0,True,HT_BILL
119,08/2025,04-09-2025,18-Sep-2025,VSP361,APEPDC0100000508,IB,92345.0,95310.0,273.27,0.97,20495.25,590170.0,4880.7,71112.15,0.0,686658.1,1406.0,688064.1,688064.0,804156.0,False,HT_BILL
120,08/2025,04-09-2025,18-Sep-2025,VSP127,APEPDC0100000334,IIA(i),48265.0,49716.0,143.5,,76000.0,326777.4,2475.9,-2506.03,7729.0,410476.27,1406.0,411882.27,411882.0,411882.0,True,HT_BILL
121,08/2025,04-09-2025,18-Sep-2025,VSP1375,APEPDC0100003730,IIB,9140.0,13980.0,180.0,0.65,0.0,171255.0,548.4,15366.72,0.0,187170.12,2813.0,439983.12,439983.0,439983.0,True,HT_BILL
122,08/2025,04-09-2025,18-Sep-2025,VSP009,APEPDC0100000627,IIA(i),17079.0,18147.0,102.57,0.94,144400.0,92924.55,664.74,-6879.26,3993.0,235103.03,1406.0,236509.03,236509.0,236509.0,True,HT_BILL
123,08/2025,04-09-2025,18-Sep-2025,VSP309,APEPDC0100001933,IIA(i),18039.0,21549.0,59.94,0.84,133000.0,118949.85,722.34,-1373.38,4425.0,255723.81,1406.0,257129.81,257130.0,257130.0,True,HT_BILL
124,08/2025,01-09-2025,15-Sep-2025,VSP508,APEPDC0100000227,IIIA,6839.0,8081.0,69.4705,0.85,32998.49,50910.3,410.34,9271.61,858.0,89966.74,1406.0,91927.21,91927.0,91927.0,True,HT_BILL
125,08/2025,04-09-2025,18-Sep-2025,VSP1655,APEPDC0100004450,IIA(i),52406.0,56295.0,159.42,0.93,71250.0,377106.75,2724.36,13218.47,14300.0,487548.58,1406.0,488954.58,488955.0,488955.0,True,HT_BILL
126,08/2025,04-09-2025,18-Sep-2025,VSP1718,APEPDC0100004656,IIA(i),,,,,76000.0,420115.05,1932.36,36891.01,13190.0,548128.42,1406.0,549534.42,549534.0,578262.0,True,HT_BILL
127,08/2025,04-09-2025,18-Sep-2025,VSP1720,APEPDC0100004657,IIA(i),,,,,152000.0,585905.85,4337.4,17548.36,17888.0,777679.61,1406.0,779085.61,779086.0,779086.0,True,HT_BILL
128,08/2025,04-09-2025,18-Sep-2025,VSP1154,APEPDC0100003106,IIA(i),148550.0,154700.0,1598.6,0.96,1026000.0,623415.0,5013.0,429534.67,27600.0,2111562.67,2813.0,2114375.67,2114376.0,1411879.0,True,HT_BILL
129,,,,VSP-1154,,,,,,,,1075165.0,8913.0,459534.7,27600.0,,2813.0,,2600025.7,2600026.0,,sparse_bill
130,09/2025,04-10-2025,18-Oct-2025,VSP007,APEPDC0100000626,IIA(I),662200.0,677700.0,1836.3,0.98,950000.0,4136355.0,31512.0,442442.65,125100.0,5685409.65,1406.0,5686815.65,5686816.0,5420940.0,True,HT_BILL
131,09/2025,04-10-2025,03-Nov-2025,VSP009,APEPDC0100000627,IIA(i),17598.0,18518.0,104.09,0.95,144400.0,95762.7,695.88,-7123.93,4329.0,238063.65,1406.0,239469.65,239470.0,239470.0,True,HT_BILL
132,09/2025,04-10-2025,18-Oct-2025,VSP098,APEPDC0100000558,IB,33641.0,37497.0,86.97,60.0,6522.75,213479.0,1598.46,50655.77,0.0,272255.98,1406.0,273661.98,273662.0,515910.0,False,HT_BILL
133,09/2025,04-10-2025,03-Nov-2025,VSP127,APEPDC0100000334,IIA(I),41679.0,43664.0,143.5,0.95,76000.0,280479.6,2080.74,-2651.09,6875.0,362784.25,1406.0,364190.25,364190.0,364190.0,True,HT_BILL
134,09/2025,04-10-2025,03-Nov-2025,VSP212,APEPDC0100000391,IIA(I),31695.0,34539.0,113.78,0.92,228000.0,231297.75,1661.7,12128.8,5484.0,478572.25,1406.0,,487478.0,212764.0,False,HT_BILL
135,09/2025,04-10-2025,18-Oct-2025,VSP309,APEPDC0100001933,,18146.0,21750.0,69.42,0.83,133000.0,120487.5,728.76,-2990.33,4417.0,255642.93,1406.0,257048.93,257049.0,257049.0,True,HT_BILL
136,09/2025,04-10-2025,18-Oct-2025,VSP361,APEPDC0100000508,IB,82097.0,85176.0,276.03,0.96,20702.25,519232.0,4265.82,6689069.0,0.0,613269.06,1406.0,614675.06,614675.0,883437.0,False,HT_BILL
137,09/2025,01-10-2025,,VSP508,APEPDC0100000227,IIIA,7054.0,8337.0,70.443,0.85,33250.0,52523.1,423.24,8788.54,777.0,91873.23,1406.0,93843.75,93844.0,93844.0,True,HT_BILL
138,09/2025,03-10-2025,02-Nov-2025,VSP1375,APEPDC0100003730,IIB,96.0,13910.0,192.0,0.69,0.0,170397.5,576.0,13394.24,0.0,184367.74,2813.0,437748.61,437749.0,437749.0,True,HT_BILL
139,09/2025,04-10-2025,03-Nov-2025,VSP1655,APEPDC0100004450,IIA(I),52778.0,56113.0,150.0,0.94,71250.0,375714.45,2746.68,12879.95,14486.0,477077.08,1406.0,478483.08,478483.0,478483.0,True,HT_BILL
140,09/2025,04-10-2025,03-Nov-2025,VSP1718,APEPDC0100004656,IIA(I),38062.0,66559.0,121.44,0.6,76000.0,402382.35,1623.72,36119.93,12242.0,,1406.0,529774.0,529774.0,584801.0,True,HT_BILL
141,09/2025,04-10-2025,03-Nov-2025,VSP1720,APEPDC0100004657,IIA(i),82234.0,87292.0,262.1,0.94,152000.0,614233.8,4514.04,14008.36,18767.0,803523.2,1406.0,804929.2,804929.0,804929.0,True,HT_BILL
142,09/2025,04-10-2025,18-Oct-2025,VSP1154,APEPDC0100003106,IIA(I),390000.0,400800.0,2302.9,0.97,109387750.0,2333810.0,19500.0,316349.34,68150.0,,2813.0,3834499.84,3834500.0,2150616.0,False,HT_BILL
143,,,,,,,,,,,,,,,,,,,,,,OTHER
144,,,,,,,,,,,,,,,,,,,,,,OTHER
145,10/2025,04-11-2025,18-Nov-2025,VSP007,APEPDC0100000626,IIA(I),696900.0,729100.0,1975.0,0.96,950000.0,4529565.0,33594.0,-104812.55,138100.0,5546446.45,1406.0,5547852.45,5547852.0,5547852.0,True,HT_BILL
146,10/2025,04-11-2025,18-Nov-2025,VSP098,APEPDC0100000558,IB,,,,,21474.0,267988.0,2052.12,-7003.79,0.0,284510.33,1406.0,285916.33,285916.0,285916.0,True,HT_BILL
147,10/2025,04-11-2025,18-Nov-2025,VSP212,APEPDC0100000391,IIA(I),34226.0,37918.0,145.09,0.0,228000.0,255387.6,1813.56,8330.92,6351.0,499883.08,1406.0,508789.08,508789.0,508789.0,True,HT_BILL
148,10/2025,04-11-2025,04-Dec-2025,VSP361,APEPDC0100000508,IB,66356.0,69312.0,280.73,0.96,21054.75,408184.0,3321.36,-36489.89,0.0,396070.22,1406.0,397476.22,,397476.0,True,HT_BILL
149,10/2025,04-11-2025,18-Nov-2025,VSP127,APEPDC0100000334,IIA(i),34030.0,35716.0,115.3,0.95,76000.0,219677.4,1621.8,-14857.52,5934.0,288375.68,1406.0,289781.68,289782.0,495518.0,True,HT_BILL
150,10/2025,03-11-2025,17-Nov-2025,VSP1375,APEPDC0100003730,IIB,12090.0,15450.0,156.0,0.78,0.0,189262.5,725.4,12021.89,0.0,202009.79,2813.0,454822.79,454823.0,454823.0,True,HT_BILL
151,10/2025,04-11-2025,18-Nov-2025,VSP009,APEPDC0100000627,,16627.0,17735.0,107.08,0.94,144400.0,89772.75,637.62,1685.16,3888.0,240383.53,1406.0,241789.53,241790.0,151975.0,True,HT_BILL
152,10/2025,04-11-2025,04-Dec-2025,VSP309,APEPDC0100001933,IIA(i),17695.0,20899.0,74.42,0.85,133000.0,113977.35,701.7,1703.73,4716.0,254098.78,1406.0,255504.78,255505.0,3443.0,False,HT_BILL
153,10/2025,01-11-2025,15-Nov-2025,VSP508,APEPDC0100000227,IIIA,7312.0,8658.0,70.897,0.84,33250.0,54545.4,438.72,8708.22,715.5,93939.49,1406.0,95345.49,95345.0,95345.0,True,HT_BILL
154,10/2025,04-11-2025,18-Nov-2025,VSP1655,APEPDC0100004450,,46576.0,50515.0,138.77,0.92,65915.75,332889.75,2374.56,-112.88,12953.0,414020.18,1406.0,415426.18,415426.0,190982.0,True,HT_BILL
155,10/2025,04-11-2025,18-Nov-2025,VSP1718,APEPDC0100004656,,37390.0,65102.0,128.15,0.57,76000.0,413880.3,1583.4,-917.07,12064.0,502610.63,1406.0,504016.63,,504017.0,True,HT_BILL
156,10/2025,04-11-2025,18-Nov-2025,VSP1720,APEPDC0100004657,IIA(i),40347.0,46150.0,241.1,0.87,152000.0,299497.5,2000.82,-58616.46,10177.0,405058.86,1406.0,406464.86,406465.0,0.0,False,HT_BILL
157,10/2025,04-11-2025,18-Nov-2025,VSP1154,APEPDC0100003106,IIA(I),370250.0,381900.0,2216.7,0.97,1052932.5,2202455.0,18315.0,339284.93,73050.0,3686037.43,,3688850.43,3688850.0,3688850.0,False,HT_BILL
158,,,,VSP-1154,,,,,,,,2654205.0,22215.0,365284.93,73050.0,,2813.0,,4170500.43,4170500.0,,sparse_bill
159,,,,,,,,,,,,,,,,,,,,,,OTHER
160,11/2025,05-12-2025,19-Dec-2025,VSP007,APEPDC0100000626,,661700.0,701400.0,1828.4,0.94,950000.0,4317660.0,31482.0,-63492.7,130400.0,5366049.3,1406.0,5367455.3,5367455.0,3250546.0,False,HT_BILL
161,11/2025,05-12-2025,19-Dec-2025,VSP098,APEPDC0100000558,IB,68880.0,72092.0,316.22,0.96,23716.5,455644.0,3712.8,-2300.16,0.0,480773.14,1406.0,482179.14,482179.0,494483.0,True,HT_BILL
162,11/2025,05-12-2025,19-Dec-2025,VSP212,APEPDC0100000391,,34532.0,38807.0,135.24,0.89,228000.0,262111.95,1831.92,7207.93,7161.0,506312.8,1406.0,515218.8,515219.0,353498.0,True,HT_BILL
163,11/2025,05-12-2025,19-Dec-2025,VSP361,APEPDC0100000508,IB,20501.0,22103.0,292.61,60.0,21945.75,98721.0,750.06,-38736.0,0.0,82680.81,1406.0,84086.81,84087.0,295393.0,True,HT_BILL
164,11/2025,05-12-2025,19-Dec-2025,VSP127,APEPDC0100000334,,,,,,76000.0,179109.45,1324.14,-15401.98,5499.0,246530.61,1406.0,247936.61,247937.0,191986.0,True,HT_BILL
165,11/2025,04-12-2025,18-Dec-2025,VSP1375,APEPDC0100003730,IIB,13570.0,16710.0,72.0,0.81,0.0,204697.5,814.2,12345.43,0.0,217857.13,2813.0,470670.13,470670.0,470670.0,True,HT_BILL
166,11/2025,05-12-2025,19-Dec-2025,VSP009,APEPDC0100000627,,18831.0,19336.0,107.0,0.97,144400.0,102020.4,769.86,1212.85,4628.0,253031.11,1406.0,254437.11,254437.0,208046.0,False,HT_BILL
167,11/2025,05-12-2025,19-Dec-2025,VSP309,APEPDC0100001933,IIA(I),20423.0,24619.0,74.42,0.83,133000.0,142435.35,865.38,1865.79,4988.0,283154.52,1406.0,284560.52,284561.0,184618.0,True,HT_BILL
168,11/2025,02-12-2025,16-Dec-2025,VSP508,APEPDC0100000227,IIIA,11696.0,13895.0,70.7495,0.84,33250.0,87538.5,701.76,8988.93,3891.0,129775.96,1406.0,131732.52,131733.0,131733.0,True,HT_BILL
169,11/2025,05-12-2025,19-Dec-2025,VSP1655,APEPDC0100004450,,,,,,65915.75,352657.35,2478.54,-540.97,13933.0,434443.67,1406.0,435849.67,435850.0,,True,HT_BILL
170,11/2025,05-12-2025,19-Dec-2025,VSP1718,APEPDC0100004656,,,,,,76000.0,339040.35,1480.2,778.65,10926.0,428225.2,1406.0,429692.4,429692.0,338605.0,False,HT_BILL
171,11/2025,05-12-2025,19-Dec-2025,VSP1720,APEPDC0100004657,IIA(i),50265.0,54865.0,208.0,0.92,152000.0,366167.25,2595.9,-69941.45,12761.0,463582.7,1406.0,464988.7,464989.0,279686.0,False,HT_BILL
172,11/2025,05-12-2025,19-Dec-2025,VSP1154,APEPDC0100003106,,394000.0,405150.0,2335.5,0.97,1109362.5,2364042.5,19740.0,304664.96,63850.0,3861659.96,2813.0,3864472.96,3864473.0,1516166.0,False,HT_BILL
173,,,,VSP-1154,,,,,,,,2815792.5,23640.0,330664.96,63850.0,,2813.0,,4346122.96,4346123.0,,sparse_bill
174,,,,,,,,,,,,,,,,,,,,,,OTHER
175,12/2025,03-01-2026,17-Jan-2026,VSP007,APEPDC0100000626,IIA(I),674500.0,735800.0,1824.3,0.92,950000.0,4580820.0,32250.0,665406.32,143700.0,6372176.32,1406.0,6373582.32,6373582.0,6373582.0,True,HT_BILL
176,12/2025,03-01-2026,17-Jan-2026,VSP098,APEPDC0100000558,IB,23334.0,30186.0,85.83,0.77,6437.25,162302.0,980.04,85876.12,0.0,255595.41,1406.0,257001.41,257001.0,257001.0,True,HT_BILL
177,12/2025,03-01-2026,17-Jan-2026,VSP212,APEPDC0100000391,,20631.0,24219.0,70.11,0.85,228000.0,139696.65,997.86,19422.63,4631.0,392748.14,1406.0,401654.14,401654.0,401654.0,True,HT_BILL
178,12/2025,03-01-2026,17-Jan-2026,VSP361,APEPDC0100000508,IB,67329.0,70467.0,286.19,0.96,21464.25,416269.0,3379.74,76745.87,0.0,517858.86,1406.0,19264.86,,519265.0,False,HT_BILL
179,12/2025,03-01-2026,17-Jan-2026,VSP127,APEPDC0100000334,IIA(i),36815.0,38720.0,131.2,0.95,76000.0,242658.0,1788.9,37296.53,6174.0,363917.43,1406.0,367501.46,367501.0,367501.0,True,HT_BILL
180,12/2025,03-01-2026,17-Jan-2026,VSP1375,APEPDC0100003730,IIB,12870.0,16100.0,66.0,0.8,0.0,197225.0,772.2,13228.51,0.0,211225.71,2813.0,464589.66,,464590.0,True,HT_BILL
181,12/2025,03-01-2026,17-Jan-2026,VSP009,APEPDC0100000627,IIA(I),18860.0,19179.0,87.09,0.98,144400.0,400819.35,771.6,23416.55,485100.0,274258.5,1406.0,276214.5,276215.0,276215.0,False,HT_BILL
182,12/2025,03-01-2026,17-Jan-2026,VSP309,APEPDC0100001933,IIA(I),19328.0,23355.0,75.2,0.83,133000.0,132765.75,799.68,23725.06,4981.0,295271.49,1406.0,,,296677.0,False,HT_BILL
183,12/2025,01-01-2026,15-Jan-2026,VSP508,APEPDC0100000227,IIIA,,,,,33192.05,78617.7,627.24,11931.53,2480.0,121090.77,1406.0,123047.92,123048.0,123048.0,False,HT_BILL
184,12/2025,03-01-2026,17-Jan-2026,VSP1655,APEPDC0100004450,IIA(I),,,,,66177.0,387441.9,2723.16,41258.88,15132.0,512732.94,1406.0,514690.5,514691.0,514691.0,True,HT_BILL
185,12/2025,03-01-2026,17-Jan-2026,VSP1718,APEPDC0100004656,IIA(I),35045.0,53635.0,100.06,0.65,76000.0,326157.75,1442.7,46325.5,11119.0,61044.95,1406.0,465676.96,465677.0,465677.0,False,HT_BILL
186,12/2025,03-01-2026,17-Jan-2026,VSP1720,APEPDC0100004657,,,,,,52000.0,604724.85,4692.48,48182.36,19085.0,828684.69,1406.0,830642.01,,830642.0,False,HT_BILL
187,12/2025,03-01-2026,17-Jan-2026,VSP1154,APEPDC0100003106,,263500.0,271700.0,2258.1,0.97,1072597.5,1436565.0,11910.0,477659.92,48200.0,3046932.42,2813.0,3049745.42,,3049745.0,False,HT_BILL
188,,,,VSP-1154,,,,,,,,1888315.0,15810.0,503659.92,48200.0,,2813.0,,3531395.42,3531395.0,,sparse_bill
189,,,,,,,,,,,,,,,,,,,,,,OTHER
190,,,,VSP-1154,,,,,,,,2512077.5,21090.0,436112.6,62000.0,,2813.0,,4097641.85,4097642.0,,sparse_bill
191,01/2026,04-02-2026,18-Feb-2026,VSP007,APEPDC0100000626,IIA(i),572700.0,587800.0,1769.6,0.97,950000.0,3448620.0,26142.0,653166.16,120500.0,5198428.16,1406.0,5199834.16,5199834.0,5199834.0,True,HT_BILL
192,01/2026,04-02-2026,18-Feb-2026,VSP098,APEPDC0100000558,IB,22511.0,30302.0,63.97,0.74,4797.75,163114.0,930.66,67125.15,0.0,235967.56,1406.0,237373.56,237374.0,237374.0,True,HT_BILL
193,01/2026,05-02-2026,19-Feb-2026,VSP212,APEPDC0100000391,,20246.0,23046.0,169.71,0.88,228000.0,132834.6,974.76,13021.83,4356.0,379187.19,1406.0,388093.19,388093.0,388093.0,True,HT_BILL
194,01/2026,04-02-2026,18-Feb-2026,VSP361,APEPDC0100000508,IB,67664.0,70395.0,277.01,0.96,20775.75,415765.0,3399.84,91944.59,0.0,531885.18,1406.0,533291.18,533291.0,533291.0,True,HT_BILL
195,01/2026,04-02-2026,18-Feb-2026,VSP127,APEPDC0100000334,IIA(i),37019.0,38853.0,131.6,0.95,76000.0,243675.45,1801.14,39326.47,6335.0,367138.06,1406.0,368544.06,368544.0,368544.0,True,HT_BILL
196,01/2026,02-02-2026,16-Feb-2026,VSP1375,APEPDC0100003730,IIB,14840.0,18290.0,120.0,0.81,0.0,224052.5,890.4,12580.0,0.0,237522.9,2813.0,490335.9,490336.0,490336.0,True,HT_BILL
197,01/2026,04-02-2026,18-Feb-2026,VSP009,APEPDC0100000627,,19228.0,19542.0,108.08,0.98,144400.0,103596.3,793.68,20313.82,4901.0,274004.8,1406.0,275410.8,275411.0,275411.0,True,HT_BILL
198,01/2026,04-02-2026,18-Feb-2026,VSP309,APEPDC0100001933,,21116.0,24252.0,72.86,0.87,133000.0,139627.8,906.96,22210.01,5272.0,301016.77,1406.0,302422.77,,302423.0,True,HT_BILL
199,01/2026,01-02-2026,15-Feb-2026,VSP508,APEPDC0100000227,IIIA,10542.0,12536.0,67.681,0.84,32148.47,78976.8,632.52,11163.8,2437.0,119453.09,1406.0,121409.55,121410.0,121410.0,True,HT_BILL
200,01/2026,04-02-2026,18-Feb-2026,VSP1655,APEPDC0100004450,,55031.0,60827.0,144.55,0.9,68661.25,411776.55,2881.86,41818.81,16206.0,541344.47,1406.0,542750.47,542750.0,542750.0,True,HT_BILL
201,01/2026,04-02-2026,18-Feb-2026,VSP1718,APEPDC0100004656,IIA(i),34789.0,52241.0,104.36,0.67,0.0,0.0,,44525.06,11065.0,448511.05,1406.0,449917.05,449917.0,449917.0,False,HT_BILL
202,01/2026,04-02-2026,18-Feb-2026,VSP1720,APEPDC0100004657,IIA(i),87492.0,88436.0,284.47,0.99,152000.0,622985.4,4829.52,58747.12,19922.0,858484.04,1406.0,859890.04,859890.0,859890.0,True,HT_BILL
203,01/2026,04-02-2026,18-Feb-2026,VSP1154,APEPDC0100003106,,351500.0,361450.0,2239.05,0.97,1063548.75,2060327.5,17190.0,410112.6,62000.0,3613178.85,2813.0,3615991.85,3615992.0,3615992.0,True,HT_BILL
204,,,,,,,,,,,,,,,,,,,,,,OTHER
205,02/2026,04-03-2026,18-Mar-2026,VSP007,APEPDC0100000626,IIA(I),665100.0,708300.0,2019.5,0.94,959262.5,5418495.0,39906.0,351559.44,133400.0,6902622.94,1406.0,6904028.94,6904029.0,6904029.0,True,HT_BILL
206,02/2026,04-03-2026,18-Mar-2026,VSP098,APEPDC0100000558,IB,34487.0,40448.0,323.53,0.85,24264.75,283136.0,2069.22,36033.28,0.0,345503.25,1406.0,346909.25,346909.0,346909.0,True,HT_BILL
207,02/2026,04-03-2026,18-Mar-2026,VSP212,APEPDC0100000391,,30476.0,32648.0,410.27,0.93,228000.0,129483.9,1828.56,8419.97,8325.0,376057.43,1406.0,384963.43,,384963.0,True,HT_BILL
208,02/2026,04-03-2026,18-Mar-2026,VSP361,APEPDC0100000508,IB,53727.0,55625.0,281.45,0.97,21108.75,389375.0,3223.62,46878.99,0.0,460586.36,1406.0,461992.36,461992.0,461992.0,True,HT_BILL
209,02/2026,04-03-2026,18-Mar-2026,VSP127,APEPDC0100000334,,37885.0,39564.0,134.2,0.96,76000.0,302664.6,2273.1,33144.63,6935.0,,,,,422423.0,False,HT_BILL
210,02/2026,02-03-2026,16-Mar-2026,VSP1375,APEPDC0100003730,IIB,12260.0,14790.0,54.0,0.83,0.0,181177.5,735.6,8985.6,0.0,190898.7,2813.0,443711.7,443712.0,443712.0,False,HT_BILL
211,02/2026,04-03-2026,18-Mar-2026,VSP009,APEPDC0100000627,,18614.0,18940.0,115.17,0.98,144400.0,144891.0,1116.84,12402.28,4670.0,307480.12,1406.0,308886.12,308886.0,308886.0,True,HT_BILL
212,02/2026,04-03-2026,18-Mar-2026,VSP309,APEPDC0100001933,IIA(I),19972.0,22152.0,72.82,0.9,133000.0,169462.8,1198.32,12820.73,4834.0,321315.85,1406.0,322721.85,322722.0,322722.0,True,HT_BILL
213,02/2026,01-03-2026,15-Mar-2026,VSP508,APEPDC0100000227,IIIA,10043.0,12415.0,66.818,0.81,31738.55,78214.5,602.58,6868.52,4027.5,115762.9,1406.0,117168.9,,117169.0,True,HT_BILL
214,02/2026,04-03-2026,18-Mar-2026,VSP1655,APEPDC0100004450,IIA(I),49712.0,54335.0,143.11,0.91,67977.25,415662.75,2982.72,35910.76,14316.0,536849.48,1406.0,538255.48,,538255.0,True,HT_BILL
215,02/2026,04-03-2026,18-Mar-2026,VSP1718,APEPDC0100004656,,31161.0,46113.0,101.83,0.68,76000.0,352764.45,1869.66,27094.34,9779.0,467507.45,1406.0,468913.45,468913.0,468913.0,False,HT_BILL
216,02/2026,04-03-2026,18-Mar-2026,VSP1720,APEPDC0100004657,IIA(I),52906.0,53299.0,284.0,0.0,152000.0,407737.35,3174.36,38621.06,13193.0,614725.77,1406.0,616131.77,,616132.0,True,HT_BILL
217,02/2026,04-03-2026,18-Mar-2026,VSP1154,APEPDC0100003106,IIA(I),,56800.0,2160.0,,0.0,0.0,,47000.0,207872.05,,,3128179.05,3128179.0,3128179.0,False,HT_BILL
218,,,,VSP-1154,,,,,,,,1776420.0,14874.0,233872.05,47000.0,,2813.0,,3154179.05,3154179.0,,sparse_bill
219,,,,,,,,,,,,,,,,,,,,,,OTHER
220,03/2026,03-04-2026,17-Apr-2026,VSP007,APEPDC0100000626,,762000.0,810400.0,2183.8,0.94,1037305.0,6199560.0,45720.0,449770.64,150900.0,7883255.64,1406.0,7884661.64,7884662.0,7884662.0,True,HT_BILL
221,03/2026,03-04-2026,17-Apr-2026,VSP098,APEPDC0100000558,IB,32322.0,47786.0,302.94,0.68,22720.5,334502.0,1939.32,43573.79,0.0,402735.61,1406.0,404141.61,404142.0,404142.0,True,HT_BILL
222,03/2026,03-04-2026,17-Apr-2026,VSP212,APEPDC0100000391,,37909.0,38636.0,334.18,0.98,228000.0,91800.0,2274.54,8244.77,11899.0,342218.31,1406.0,351124.31,,325463.0,True,HT_BILL
223,03/2026,03-04-2026,17-Apr-2026,VSP361,APEPDC0100000508,IB,88154.0,90624.0,275.52,,20664.0,634368.0,5289.24,45868.11,0.0,706189.35,1406.0,707595.35,707595.0,707595.0,True,HT_BILL
224,03/2026,03-04-2026,17-Apr-2026,VSP127,APEPDC0100000334,IIA(I),40772.0,42019.0,134.12,260.0,76000.0,321445.35,2446.32,36663.17,7070.0,443624.84,1406.0,445030.84,445031.0,445031.0,True,HT_BILL
225,03/2026,02-04-2026,16-Apr-2026,VSP1375,APEPDC0100003730,IIB,11860.0,15960.0,72.0,0.74,0.0,195510.0,711.6,7651.2,0.0,203872.8,2813.0,597218.8,,597219.0,False,HT_BILL
226,03/2026,03-04-2026,17-Apr-2026,VSP009,APEPDC0100000627,,23523.0,24061.0,116.8,860.0,144400.0,0.0,0.0,0.0,14137.44,349410.47,1406.0,350816.47,350816.0,350816.0,False,HT_BILL
227,03/2026,03-04-2026,17-Apr-2026,VSP309,APEPDC0100001933,IIA(I),23185.0,24500.0,74.6,0.95,133000.0,187425.0,1391.1,14479.26,5606.0,341901.36,1406.0,343307.36,343307.0,343307.0,True,HT_BILL
228,03/2026,01-04-2026,15-Apr-2026,VSP508,APEPDC0100000227,IIIA,7176.0,7578.0,67.4435,0.95,32035.66,47741.4,430.56,6828.91,1981.5,85542.53,1406.0,87498.95,,87499.0,True,HT_BILL
229,03/2026,03-04-2026,17-Apr-2026,VSP1655,APEPDC0100004450,,53682.0,58548.0,150.8,0.92,71250.0,447892.2,3220.92,36373.35,15458.0,574954.47,1406.0,576360.47,576360.0,576360.0,False,BILL?
230,03/2026,03-04-2026,17-Apr-2026,VSP1718,APEPDC0100004656,IIA(I),39075.0,56638.0,127.71,0.69,76000.0,433280.7,2344.5,29224.19,12124.0,552973.39,1406.0,554379.39,554379.0,554379.0,True,HT_BILL
231,03/2026,03-04-2026,17-Apr-2026,VSP1720,APEPDC0100004657,IIA(I),88883.0,5968.0,308.0,660.0,152000.0,685822.5,5332.98,24385.4,21275.0,888815.88,1406.0,890221.88,890222.0,890222.0,True,HT_BILL
232,03/2026,03-04-2026,17-Apr-2026,VSP1154,APEPDC0100003106,IIA(I),302500.0,316650.0,2164.65,0.0,1028208.75,2200717.5,18150.0,209329.33,54100.0,3510505.58,2813.0,3513318.58,3513319.0,3513319.0,True,HT_BILL
233,,,,,,,,,,,,,,,,,,,,,,OTHER
234,04/2026,04-05-2026,18-May-2026,VSP007,APEPDC0100000626,IIA(I),749700.0,783800.0,2083.6,0.96,989710.0,4948020.0,36762.0,464514.64,142400.0,6581406.64,1406.0,6582812.64,4605674.0,4605674.0,False,HT_BILL
235,04/2026,04-05-2026,03-Jun-2026,VSP098,APEPDC0100000558,IB,36924.0,40998.0,313.7,0.9,23527.5,237986.0,1795.44,42542.31,0.0,,,,,51799.0,False,HT_BILL
236,04/2026,04-05-2026,18-May-2026,VSP212,APEPDC0100000391,IIA(I),44304.0,45516.0,397.63,0.97,228000.0,94110.3,2478.24,4800.0,15649.0,345037.54,1406.0,353943.54,353944.0,353944.0,True,HT_BILL
237,04/2026,04-05-2026,18-May-2026,VSP361,APEPDC0100000508,IB,101492.0,104078.0,285.32,0.98,21399.0,651546.0,5429.52,56005.24,0.0,734379.76,1406.0,735785.76,590357.0,590357.0,True,HT_BILL
238,04/2026,04-05-2026,18-May-2026,VSP127,APEPDC0100000334,,44879.0,45952.0,134.92,860.0,76000.0,297982.8,2272.74,33092.61,7835.0,417183.15,1406.0,418589.15,356771.0,356771.0,True,HT_BILL
239,04/2026,02-05-2026,16-May-2026,VSP1375,APEPDC0100003730,IIB,9240.0,17190.0,96.0,0.54,0.0,171040.5,554.4,8344.31,0.0,179939.21,2813.0,433303.18,399947.0,399947.0,False,HT_BILL
240,04/2026,04-05-2026,18-May-2026,VSP009,APEPDC0100000627,IIA(I),23689.0,24218.0,90.4,0.98,144400.0,139367.7,1061.34,15305.62,5320.0,305454.66,1406.0,306860.66,,206950.0,False,HT_BILL
241,04/2026,04-05-2026,18-May-2026,VSP309,APEPDC0100001933,,21690.0,22975.0,69.6,0.94,133000.0,129858.75,94140.0,16202.07,5287.0,285289.22,1406.0,286695.22,218265.0,218265.0,False,HT_BILL
242,04/2026,01-05-2026,15-May-2026,VSP508,APEPDC0100000227,IIIA,5679.0,5948.0,67.8375,0.95,32222.81,37472.4,340.74,4775.0,840.0,73046.2,1406.0,75003.39,,62191.0,False,HT_BILL
243,04/2026,04-05-2026,18-May-2026,VSP1655,APEPDC0100004450,IIA(I),52550.0,56989.0,148.0,0.92,70300.0,382415.85,2733.0,36143.16,14907.0,506499.01,1406.0,507905.01,462489.0,462489.0,False,HT_BILL
244,04/2026,04-05-2026,18-May-2026,VSP1718,APEPDC0100004656,,43465.0,59332.0,126.14,0.73,76000.0,369739.8,1947.9,32343.56,12306.0,492337.26,1406.0,493743.26,448421.0,448421.0,False,HT_BILL
245,04/2026,04-05-2026,18-May-2026,VSP1720,APEPDC0100004657,,86557.0,87929.0,329.4,0.98,156465.0,619106.85,4773.42,38932.23,19450.0,838727.5,,840133.5,772109.0,772109.0,False,HT_BILL
246,04/2026,04-05-2026,18-May-2026,VSP1154,APEPDC0100003106,IIA(I),299250.0,308850.0,2751.05,260.0,1282500.0,1694757.5,14055.0,211344.23,53300.0,3304454.23,2813.0,3307267.23,2908598.0,2908598.0,False,HT_BILL
247,,,,VSP-1154,,,,,,,1282500.0,2146507.5,17955.0,211344.23,,,,,,,,sparse_bill
248,,,,,,,,,,,,,,,,,,,,,,OTHER
249,05/2026,03-06-2026,17-Jun-2026,VSP007,APEPDC0100000626,,860900.0,908300.0,2468.7,0.95,1172632.5,5900445.0,43434.0,144815.44,165600.0,7426926.94,1406.0,7428332.94,7428333.0,7428333.0,True,HT_BILL
250,05/2026,03-06-2026,17-Jun-2026,VSP098,APEPDC0100000558,IB,64875.0,66086.0,331.88,0.98,24891.0,413602.0,3472.5,22862.57,0.0,464828.07,1406.0,466234.07,466234.0,466234.0,False,HT_BILL
251,05/2026,03-06-2026,17-Jun-2026,VSP212,APEPDC0100000391,IIA(I),39392.0,40579.0,347.4,0.97,228000.0,92534.4,221952.0,0.0,13301.0,336054.92,1406.0,389160.92,389161.0,277086.0,False,HT_BILL
252,05/2026,03-06-2026,17-Jun-2026,VSP361,APEPDC0100000508,IB,82973.0,85562.0,296.72,0.97,22254.0,521934.0,4318.38,22417.43,0.0,570923.81,1406.0,572329.81,572330.0,572330.0,True,HT_BILL
253,05/2026,03-06-2026,17-Jun-2026,VSP127,APEPDC0100000334,IIA(I),35166.0,36458.0,131.0,0.96,76000.0,225353.7,1689.96,16279.77,5794.0,325117.43,1406.0,326523.43,,326523.0,True,HT_BILL
254,05/2026,03-06-2026,17-Jun-2026,VSP1375,APEPDC0100003730,IIB,10200.0,19540.0,216.0,0.52,0.0,194423.0,612.0,2071.83,0.0,235991.43,2813.0,489354.9,489355.0,,True,HT_BILL
255,05/2026,03-06-2026,17-Jun-2026,VSP009,APEPDC0100000627,IIA(I),23030.0,23642.0,107.78,0.0,144400.0,134961.3,1021.8,6057.24,5055.0,291495.34,1406.0,292901.34,292901.0,292901.0,True,HT_BILL
256,05/2026,03-06-2026,17-Jun-2026,VSP309,APEPDC0100001933,IIA(I),20168.0,21835.0,72.0,0.92,133000.0,121137.75,850.08,6776.25,4969.0,266733.08,1406.0,268139.08,268139.0,268139.0,True,HT_BILL
257,05/2026,03-06-2026,17-Jun-2026,VSP508,APEPDC0100000227,IIIA,6385.0,6605.0,62.6735,0.97,29769.91,41611.5,383.1,1831.18,1101.0,71963.69,1406.0,73920.26,,73920.0,True,HT_BILL
258,05/2026,03-06-2026,17-Jun-2026,VSP1655,APEPDC0100004450,IIA(I),51772.0,55927.0,161.8,0.93,71250.0,374291.55,2686.32,12360.14,14553.0,486351.01,1406.0,487757.01,487757.0,487757.0,True,HT_BILL
259,05/2026,03-06-2026,17-Jun-2026,VSP1718,APEPDC0100004656,IIA(I),50306.0,64803.0,147.7,0.78,76000.0,411592.95,2358.36,9976.22,13276.0,513203.53,1406.0,514609.53,514610.0,514610.0,True,HT_BILL
260,05/2026,03-06-2026,17-Jun-2026,VSP1720,APEPDC0100004657,IIA(I),73185.0,73665.0,296.0,660.0,152000.0,509987.25,3971.1,-1459.41,16142.0,680640.94,1406.0,682046.94,682047.0,682047.0,True,HT_BILL
261,05/2026,03-06-2026,17-Jun-2026,VSP1154,APEPDC0100003106,IIA(I),512950.0,532250.0,2389.2,0.96,1134870.0,3247387.5,26877.0,91165.51,101650.0,4601950.01,2813.0,4604763.01,4604763.0,4604763.0,True,HT_BILL
262,,,,VSP-1154,,,,,,,1134870.0,3699137.5,30777.0,91165.51,101650.0,,2813.0,,5060413.01,5060413.0,,sparse_bill
